{
    "m0": {
        "test0": [
            0.8073156476020813,
            0.8098118305206299,
            0.8395737409591675,
            0.8372696042060852,
            0.830933153629303
        ],
        "test1": [
            0.5010560750961304,
            0.49932795763015747,
            0.5067204236984253,
            0.4998079836368561,
            0.4970238208770752
        ]
    },
    "m1": {
        "test0": [
            0.539170503616333,
            0.5406106114387512,
            0.5336981415748596,
            0.5356183052062988,
            0.5364823341369629
        ],
        "test1": [
            0.5,
            0.5,
            0.5,
            0.5,
            0.5
        ]
    },
    "m2": {
        "test0": [
            0.6193356513977051,
            0.6158794164657593,
            0.6093509793281555,
            0.6059907674789429,
            0.5719085931777954
        ],
        "test1": [
            0.5100806355476379,
            0.5107526779174805,
            0.523329496383667,
            0.5198732614517212,
            0.5284178256988525
        ]
    },
    "perceptron": {
        "test0": [
            0.8178763389587402,
            0.8221966028213501,
            0.8440860509872437,
            0.8451420664787292,
            0.83323734998703
        ],
        "test1": [
            0.5145929455757141,
            0.5223694443702698,
            0.5240015387535095,
            0.5244815945625305,
            0.5293778777122498
        ]
    },
    "cnn": {
        "test0": [
            0.8038594722747803,
            0.8020353317260742,
            0.8158602118492126,
            0.8091397881507874,
            0.8018433451652527
        ],
        "test1": [
            0.5403226017951965,
            0.5402265787124634,
            0.5468509793281555,
            0.5535714030265808,
            0.5447388887405396
        ]
    }
}