{"m0": {"test0": [0.7078533172607422, 0.7359830737113953, 0.7567204236984253, 0.7654569745063782, 0.8090437650680542], "test1": [0.5, 0.5, 0.5, 0.5, 0.5]}, "m1": {"test0": [0.5257296562194824, 0.5326420664787292, 0.5249615907669067, 0.5128648281097412, 0.5297619104385376], "test1": [0.5, 0.5, 0.5, 0.5, 0.5]}, "m2": {"test0": [0.6193356513977051, 0.6159754395484924, 0.6089669466018677, 0.6063748002052307, 0.5711405277252197], "test1": [0.5099846124649048, 0.5100806355476379, 0.5105606913566589, 0.5, 0.5287058353424072]}, "perceptron": {"test0": [0.7132296562194824, 0.7169739007949829, 0.7236943244934082, 0.7200461030006409, 0.6884600520133972], "test1": [0.5100806355476379, 0.5170890688896179, 0.5210253596305847, 0.518433153629303, 0.5394585132598877]}, "cnn": {}}