{
    "m0": {
        "test0": [
            0.7682411670684814,
            0.7845622301101685,
            0.8153801560401917,
            0.8218125700950623,
            0.8254608511924744
        ],
        "test1": [
            0.4982718825340271,
            0.49865591526031494,
            0.5061444044113159,
            0.49615976214408875,
            0.498463898897171
        ]
    },
    "m1": {
        "test0": [
            0.539170503616333,
            0.5402265787124634,
            0.5336981415748596,
            0.5353302359580994,
            0.5358102917671204
        ],
        "test1": [
            0.5,
            0.5,
            0.5,
            0.5,
            0.5
        ]
    },
    "m2": {
        "test0": [
            0.6193356513977051,
            0.6156874299049377,
            0.6095430254936218,
            0.6057987809181213,
            0.5718125700950623
        ],
        "test1": [
            0.5104646682739258,
            0.5106566548347473,
            0.5231375098228455,
            0.5199692845344543,
            0.5287058353424072
        ]
    },
    "perceptron": {
        "test0": [
            0.8175883293151855,
            0.8220046162605286,
            0.8438940048217773,
            0.8447580933570862,
            0.8330453038215637
        ],
        "test1": [
            0.5145929455757141,
            0.5223694443702698,
            0.5240015387535095,
            0.5244815945625305,
            0.5293778777122498
        ]
    },
    "cnn": {
        "test0": [
            0.7863863110542297,
            0.7846581935882568,
            0.8048195242881775,
            0.796658992767334,
            0.787826418876648
        ],
        "test1": [
            0.5302419066429138,
            0.5306259393692017,
            0.5,
            0.5102726817131042,
            0.5
        ]
    }
}