{
    "m0": {
        "test0": [
            0.8467856645584106,
            0.845568835735321,
            0.8506388068199158,
            0.8486108183860779,
            0.8522312641143799
        ],
        "test1": [
            0.5,
            0.5,
            0.5,
            0.5,
            0.5
        ]
    },
    "m1": {
        "test0": [
            0.5599269866943359,
            0.5558710098266602,
            0.5616507530212402,
            0.5575948357582092,
            0.5572007894515991
        ],
        "test1": [
            0.5,
            0.5,
            0.5,
            0.5,
            0.5
        ]
    },
    "m2": {
        "test0": [
            0.6117420196533203,
            0.61873859167099,
            0.6197525858879089,
            0.6181302070617676,
            0.6193711757659912
        ],
        "test1": [
            0.5086410045623779,
            0.5074626803398132,
            0.5068735480308533,
            0.5091319680213928,
            0.5130622386932373
        ]
    },
    "perceptron": {
        "test0": [
            0.8527681827545166,
            0.8547961711883545,
            0.8564185500144958,
            0.8591563701629639,
            0.8615618944168091
        ],
        "test1": [
            0.5076590776443481,
            0.5157108902931213,
            0.5241555571556091,
            0.52052241563797,
            0.5175800323486328
        ]
    },
    "full": {
        "test0": [
            0.8653417229652405,
            0.8653417229652405,
            0.8624011278152466,
            0.8722368478775024,
            0.861663281917572
        ],
        "test1": [
            0.533385694026947,
            0.5496857762336731,
            0.5388845205307007,
            0.5380989909172058,
            0.5600078701972961
        ]
    }
}